[{"name":"flutter_baidu_mapapi_base","qualifiedName":"flutter_baidu_mapapi_base","href":"flutter_baidu_mapapi_base/flutter_baidu_mapapi_base-library.html","type":"library","overriddenDepth":0,"packageName":"flutter_baidu_mapapi_base"},{"name":"BMFCoordinate","qualifiedName":"flutter_baidu_mapapi_base.BMFCoordinate","href":"flutter_baidu_mapapi_base/BMFCoordinate-class.html","type":"class","overriddenDepth":0,"packageName":"flutter_baidu_mapapi_base","enclosedBy":{"name":"flutter_baidu_mapapi_base","type":"library"}},{"name":"BMFCoordinate","qualifiedName":"flutter_baidu_mapapi_base.BMFCoordinate.BMFCoordinate","href":"flutter_baidu_mapapi_base/BMFCoordinate/BMFCoordinate.html","type":"constructor","overriddenDepth":0,"packageName":"flutter_baidu_mapapi_base","enclosedBy":{"name":"BMFCoordinate","type":"class"}},{"name":"BMFCoordinate.fromMap","qualifiedName":"flutter_baidu_mapapi_base.BMFCoordinate.fromMap","href":"flutter_baidu_mapapi_base/BMFCoordinate/BMFCoordinate.fromMap.html","type":"constructor","overriddenDepth":0,"packageName":"flutter_baidu_mapapi_base","enclosedBy":{"name":"BMFCoordinate","type":"class"}},{"name":"fromMap","qualifiedName":"flutter_baidu_mapapi_base.BMFCoordinate.fromMap","href":"flutter_baidu_mapapi_base/BMFCoordinate/fromMap.html","type":"method","overriddenDepth":1,"packageName":"flutter_baidu_mapapi_base","enclosedBy":{"name":"BMFCoordinate","type":"class"}},{"name":"latitude","qualifiedName":"flutter_baidu_mapapi_base.BMFCoordinate.latitude","href":"flutter_baidu_mapapi_base/BMFCoordinate/latitude.html","type":"property","overriddenDepth":0,"packageName":"flutter_baidu_mapapi_base","enclosedBy":{"name":"BMFCoordinate","type":"class"}},{"name":"longitude","qualifiedName":"flutter_baidu_mapapi_base.BMFCoordinate.longitude","href":"flutter_baidu_mapapi_base/BMFCoordinate/longitude.html","type":"property","overriddenDepth":0,"packageName":"flutter_baidu_mapapi_base","enclosedBy":{"name":"BMFCoordinate","type":"class"}},{"name":"toMap","qualifiedName":"flutter_baidu_mapapi_base.BMFCoordinate.toMap","href":"flutter_baidu_mapapi_base/BMFCoordinate/toMap.html","type":"method","overriddenDepth":1,"packageName":"flutter_baidu_mapapi_base","enclosedBy":{"name":"BMFCoordinate","type":"class"}},{"name":"BMFCoordinateBounds","qualifiedName":"flutter_baidu_mapapi_base.BMFCoordinateBounds","href":"flutter_baidu_mapapi_base/BMFCoordinateBounds-class.html","type":"class","overriddenDepth":0,"packageName":"flutter_baidu_mapapi_base","enclosedBy":{"name":"flutter_baidu_mapapi_base","type":"library"}},{"name":"BMFCoordinateBounds","qualifiedName":"flutter_baidu_mapapi_base.BMFCoordinateBounds.BMFCoordinateBounds","href":"flutter_baidu_mapapi_base/BMFCoordinateBounds/BMFCoordinateBounds.html","type":"constructor","overriddenDepth":0,"packageName":"flutter_baidu_mapapi_base","enclosedBy":{"name":"BMFCoordinateBounds","type":"class"}},{"name":"BMFCoordinateBounds.fromMap","qualifiedName":"flutter_baidu_mapapi_base.BMFCoordinateBounds.fromMap","href":"flutter_baidu_mapapi_base/BMFCoordinateBounds/BMFCoordinateBounds.fromMap.html","type":"constructor","overriddenDepth":0,"packageName":"flutter_baidu_mapapi_base","enclosedBy":{"name":"BMFCoordinateBounds","type":"class"}},{"name":"fromMap","qualifiedName":"flutter_baidu_mapapi_base.BMFCoordinateBounds.fromMap","href":"flutter_baidu_mapapi_base/BMFCoordinateBounds/fromMap.html","type":"method","overriddenDepth":1,"packageName":"flutter_baidu_mapapi_base","enclosedBy":{"name":"BMFCoordinateBounds","type":"class"}},{"name":"northeast","qualifiedName":"flutter_baidu_mapapi_base.BMFCoordinateBounds.northeast","href":"flutter_baidu_mapapi_base/BMFCoordinateBounds/northeast.html","type":"property","overriddenDepth":0,"packageName":"flutter_baidu_mapapi_base","enclosedBy":{"name":"BMFCoordinateBounds","type":"class"}},{"name":"southwest","qualifiedName":"flutter_baidu_mapapi_base.BMFCoordinateBounds.southwest","href":"flutter_baidu_mapapi_base/BMFCoordinateBounds/southwest.html","type":"property","overriddenDepth":0,"packageName":"flutter_baidu_mapapi_base","enclosedBy":{"name":"BMFCoordinateBounds","type":"class"}},{"name":"toMap","qualifiedName":"flutter_baidu_mapapi_base.BMFCoordinateBounds.toMap","href":"flutter_baidu_mapapi_base/BMFCoordinateBounds/toMap.html","type":"method","overriddenDepth":1,"packageName":"flutter_baidu_mapapi_base","enclosedBy":{"name":"BMFCoordinateBounds","type":"class"}},{"name":"BMFCoordinateRegion","qualifiedName":"flutter_baidu_mapapi_base.BMFCoordinateRegion","href":"flutter_baidu_mapapi_base/BMFCoordinateRegion-class.html","type":"class","overriddenDepth":0,"packageName":"flutter_baidu_mapapi_base","enclosedBy":{"name":"flutter_baidu_mapapi_base","type":"library"}},{"name":"BMFCoordinateRegion","qualifiedName":"flutter_baidu_mapapi_base.BMFCoordinateRegion.BMFCoordinateRegion","href":"flutter_baidu_mapapi_base/BMFCoordinateRegion/BMFCoordinateRegion.html","type":"constructor","overriddenDepth":0,"packageName":"flutter_baidu_mapapi_base","enclosedBy":{"name":"BMFCoordinateRegion","type":"class"}},{"name":"center","qualifiedName":"flutter_baidu_mapapi_base.BMFCoordinateRegion.center","href":"flutter_baidu_mapapi_base/BMFCoordinateRegion/center.html","type":"property","overriddenDepth":0,"packageName":"flutter_baidu_mapapi_base","enclosedBy":{"name":"BMFCoordinateRegion","type":"class"}},{"name":"BMFCoordinateRegion.fromMap","qualifiedName":"flutter_baidu_mapapi_base.BMFCoordinateRegion.fromMap","href":"flutter_baidu_mapapi_base/BMFCoordinateRegion/BMFCoordinateRegion.fromMap.html","type":"constructor","overriddenDepth":0,"packageName":"flutter_baidu_mapapi_base","enclosedBy":{"name":"BMFCoordinateRegion","type":"class"}},{"name":"fromMap","qualifiedName":"flutter_baidu_mapapi_base.BMFCoordinateRegion.fromMap","href":"flutter_baidu_mapapi_base/BMFCoordinateRegion/fromMap.html","type":"method","overriddenDepth":1,"packageName":"flutter_baidu_mapapi_base","enclosedBy":{"name":"BMFCoordinateRegion","type":"class"}},{"name":"span","qualifiedName":"flutter_baidu_mapapi_base.BMFCoordinateRegion.span","href":"flutter_baidu_mapapi_base/BMFCoordinateRegion/span.html","type":"property","overriddenDepth":0,"packageName":"flutter_baidu_mapapi_base","enclosedBy":{"name":"BMFCoordinateRegion","type":"class"}},{"name":"toMap","qualifiedName":"flutter_baidu_mapapi_base.BMFCoordinateRegion.toMap","href":"flutter_baidu_mapapi_base/BMFCoordinateRegion/toMap.html","type":"method","overriddenDepth":1,"packageName":"flutter_baidu_mapapi_base","enclosedBy":{"name":"BMFCoordinateRegion","type":"class"}},{"name":"BMFCoordinateSpan","qualifiedName":"flutter_baidu_mapapi_base.BMFCoordinateSpan","href":"flutter_baidu_mapapi_base/BMFCoordinateSpan-class.html","type":"class","overriddenDepth":0,"packageName":"flutter_baidu_mapapi_base","enclosedBy":{"name":"flutter_baidu_mapapi_base","type":"library"}},{"name":"BMFCoordinateSpan","qualifiedName":"flutter_baidu_mapapi_base.BMFCoordinateSpan.BMFCoordinateSpan","href":"flutter_baidu_mapapi_base/BMFCoordinateSpan/BMFCoordinateSpan.html","type":"constructor","overriddenDepth":0,"packageName":"flutter_baidu_mapapi_base","enclosedBy":{"name":"BMFCoordinateSpan","type":"class"}},{"name":"BMFCoordinateSpan.fromMap","qualifiedName":"flutter_baidu_mapapi_base.BMFCoordinateSpan.fromMap","href":"flutter_baidu_mapapi_base/BMFCoordinateSpan/BMFCoordinateSpan.fromMap.html","type":"constructor","overriddenDepth":0,"packageName":"flutter_baidu_mapapi_base","enclosedBy":{"name":"BMFCoordinateSpan","type":"class"}},{"name":"fromMap","qualifiedName":"flutter_baidu_mapapi_base.BMFCoordinateSpan.fromMap","href":"flutter_baidu_mapapi_base/BMFCoordinateSpan/fromMap.html","type":"method","overriddenDepth":1,"packageName":"flutter_baidu_mapapi_base","enclosedBy":{"name":"BMFCoordinateSpan","type":"class"}},{"name":"latitudeDelta","qualifiedName":"flutter_baidu_mapapi_base.BMFCoordinateSpan.latitudeDelta","href":"flutter_baidu_mapapi_base/BMFCoordinateSpan/latitudeDelta.html","type":"property","overriddenDepth":0,"packageName":"flutter_baidu_mapapi_base","enclosedBy":{"name":"BMFCoordinateSpan","type":"class"}},{"name":"longitudeDelta","qualifiedName":"flutter_baidu_mapapi_base.BMFCoordinateSpan.longitudeDelta","href":"flutter_baidu_mapapi_base/BMFCoordinateSpan/longitudeDelta.html","type":"property","overriddenDepth":0,"packageName":"flutter_baidu_mapapi_base","enclosedBy":{"name":"BMFCoordinateSpan","type":"class"}},{"name":"toMap","qualifiedName":"flutter_baidu_mapapi_base.BMFCoordinateSpan.toMap","href":"flutter_baidu_mapapi_base/BMFCoordinateSpan/toMap.html","type":"method","overriddenDepth":1,"packageName":"flutter_baidu_mapapi_base","enclosedBy":{"name":"BMFCoordinateSpan","type":"class"}},{"name":"BMFEdgeInsets","qualifiedName":"flutter_baidu_mapapi_base.BMFEdgeInsets","href":"flutter_baidu_mapapi_base/BMFEdgeInsets-class.html","type":"class","overriddenDepth":0,"packageName":"flutter_baidu_mapapi_base","enclosedBy":{"name":"flutter_baidu_mapapi_base","type":"library"}},{"name":"BMFEdgeInsets","qualifiedName":"flutter_baidu_mapapi_base.BMFEdgeInsets.BMFEdgeInsets","href":"flutter_baidu_mapapi_base/BMFEdgeInsets/BMFEdgeInsets.html","type":"constructor","overriddenDepth":0,"packageName":"flutter_baidu_mapapi_base","enclosedBy":{"name":"BMFEdgeInsets","type":"class"}},{"name":"bottom","qualifiedName":"flutter_baidu_mapapi_base.BMFEdgeInsets.bottom","href":"flutter_baidu_mapapi_base/BMFEdgeInsets/bottom.html","type":"property","overriddenDepth":0,"packageName":"flutter_baidu_mapapi_base","enclosedBy":{"name":"BMFEdgeInsets","type":"class"}},{"name":"BMFEdgeInsets.fromEdgeInsets","qualifiedName":"flutter_baidu_mapapi_base.BMFEdgeInsets.fromEdgeInsets","href":"flutter_baidu_mapapi_base/BMFEdgeInsets/BMFEdgeInsets.fromEdgeInsets.html","type":"constructor","overriddenDepth":0,"packageName":"flutter_baidu_mapapi_base","enclosedBy":{"name":"BMFEdgeInsets","type":"class"}},{"name":"BMFEdgeInsets.fromMap","qualifiedName":"flutter_baidu_mapapi_base.BMFEdgeInsets.fromMap","href":"flutter_baidu_mapapi_base/BMFEdgeInsets/BMFEdgeInsets.fromMap.html","type":"constructor","overriddenDepth":0,"packageName":"flutter_baidu_mapapi_base","enclosedBy":{"name":"BMFEdgeInsets","type":"class"}},{"name":"fromMap","qualifiedName":"flutter_baidu_mapapi_base.BMFEdgeInsets.fromMap","href":"flutter_baidu_mapapi_base/BMFEdgeInsets/fromMap.html","type":"method","overriddenDepth":1,"packageName":"flutter_baidu_mapapi_base","enclosedBy":{"name":"BMFEdgeInsets","type":"class"}},{"name":"left","qualifiedName":"flutter_baidu_mapapi_base.BMFEdgeInsets.left","href":"flutter_baidu_mapapi_base/BMFEdgeInsets/left.html","type":"property","overriddenDepth":0,"packageName":"flutter_baidu_mapapi_base","enclosedBy":{"name":"BMFEdgeInsets","type":"class"}},{"name":"right","qualifiedName":"flutter_baidu_mapapi_base.BMFEdgeInsets.right","href":"flutter_baidu_mapapi_base/BMFEdgeInsets/right.html","type":"property","overriddenDepth":0,"packageName":"flutter_baidu_mapapi_base","enclosedBy":{"name":"BMFEdgeInsets","type":"class"}},{"name":"toMap","qualifiedName":"flutter_baidu_mapapi_base.BMFEdgeInsets.toMap","href":"flutter_baidu_mapapi_base/BMFEdgeInsets/toMap.html","type":"method","overriddenDepth":1,"packageName":"flutter_baidu_mapapi_base","enclosedBy":{"name":"BMFEdgeInsets","type":"class"}},{"name":"top","qualifiedName":"flutter_baidu_mapapi_base.BMFEdgeInsets.top","href":"flutter_baidu_mapapi_base/BMFEdgeInsets/top.html","type":"property","overriddenDepth":0,"packageName":"flutter_baidu_mapapi_base","enclosedBy":{"name":"BMFEdgeInsets","type":"class"}},{"name":"BMFEnv","qualifiedName":"flutter_baidu_mapapi_base.BMFEnv","href":"flutter_baidu_mapapi_base/BMFEnv-class.html","type":"class","overriddenDepth":0,"packageName":"flutter_baidu_mapapi_base","enclosedBy":{"name":"flutter_baidu_mapapi_base","type":"library"}},{"name":"operator ==","qualifiedName":"flutter_baidu_mapapi_base.BMFEnv.==","href":"flutter_baidu_mapapi_base/BMFEnv/operator_equals.html","type":"method","overriddenDepth":0,"packageName":"flutter_baidu_mapapi_base","enclosedBy":{"name":"BMFEnv","type":"class"}},{"name":"BMFEnv","qualifiedName":"flutter_baidu_mapapi_base.BMFEnv.BMFEnv","href":"flutter_baidu_mapapi_base/BMFEnv/BMFEnv.html","type":"constructor","overriddenDepth":0,"packageName":"flutter_baidu_mapapi_base","enclosedBy":{"name":"BMFEnv","type":"class"}},{"name":"debug","qualifiedName":"flutter_baidu_mapapi_base.BMFEnv.debug","href":"flutter_baidu_mapapi_base/BMFEnv/debug.html","type":"property","overriddenDepth":0,"packageName":"flutter_baidu_mapapi_base","enclosedBy":{"name":"BMFEnv","type":"class"}},{"name":"hashCode","qualifiedName":"flutter_baidu_mapapi_base.BMFEnv.hashCode","href":"flutter_baidu_mapapi_base/BMFEnv/hashCode.html","type":"property","overriddenDepth":0,"packageName":"flutter_baidu_mapapi_base","enclosedBy":{"name":"BMFEnv","type":"class"}},{"name":"noSuchMethod","qualifiedName":"flutter_baidu_mapapi_base.BMFEnv.noSuchMethod","href":"flutter_baidu_mapapi_base/BMFEnv/noSuchMethod.html","type":"method","overriddenDepth":0,"packageName":"flutter_baidu_mapapi_base","enclosedBy":{"name":"BMFEnv","type":"class"}},{"name":"runtimeType","qualifiedName":"flutter_baidu_mapapi_base.BMFEnv.runtimeType","href":"flutter_baidu_mapapi_base/BMFEnv/runtimeType.html","type":"property","overriddenDepth":0,"packageName":"flutter_baidu_mapapi_base","enclosedBy":{"name":"BMFEnv","type":"class"}},{"name":"toString","qualifiedName":"flutter_baidu_mapapi_base.BMFEnv.toString","href":"flutter_baidu_mapapi_base/BMFEnv/toString.html","type":"method","overriddenDepth":0,"packageName":"flutter_baidu_mapapi_base","enclosedBy":{"name":"BMFEnv","type":"class"}},{"name":"BMFLog","qualifiedName":"flutter_baidu_mapapi_base.BMFLog","href":"flutter_baidu_mapapi_base/BMFLog-class.html","type":"class","overriddenDepth":0,"packageName":"flutter_baidu_mapapi_base","enclosedBy":{"name":"flutter_baidu_mapapi_base","type":"library"}},{"name":"operator ==","qualifiedName":"flutter_baidu_mapapi_base.BMFLog.==","href":"flutter_baidu_mapapi_base/BMFLog/operator_equals.html","type":"method","overriddenDepth":0,"packageName":"flutter_baidu_mapapi_base","enclosedBy":{"name":"BMFLog","type":"class"}},{"name":"BMFLog","qualifiedName":"flutter_baidu_mapapi_base.BMFLog.BMFLog","href":"flutter_baidu_mapapi_base/BMFLog/BMFLog.html","type":"constructor","overriddenDepth":0,"packageName":"flutter_baidu_mapapi_base","enclosedBy":{"name":"BMFLog","type":"class"}},{"name":"d","qualifiedName":"flutter_baidu_mapapi_base.BMFLog.d","href":"flutter_baidu_mapapi_base/BMFLog/d.html","type":"method","overriddenDepth":0,"packageName":"flutter_baidu_mapapi_base","enclosedBy":{"name":"BMFLog","type":"class"}},{"name":"e","qualifiedName":"flutter_baidu_mapapi_base.BMFLog.e","href":"flutter_baidu_mapapi_base/BMFLog/e.html","type":"method","overriddenDepth":0,"packageName":"flutter_baidu_mapapi_base","enclosedBy":{"name":"BMFLog","type":"class"}},{"name":"hashCode","qualifiedName":"flutter_baidu_mapapi_base.BMFLog.hashCode","href":"flutter_baidu_mapapi_base/BMFLog/hashCode.html","type":"property","overriddenDepth":0,"packageName":"flutter_baidu_mapapi_base","enclosedBy":{"name":"BMFLog","type":"class"}},{"name":"init","qualifiedName":"flutter_baidu_mapapi_base.BMFLog.init","href":"flutter_baidu_mapapi_base/BMFLog/init.html","type":"method","overriddenDepth":0,"packageName":"flutter_baidu_mapapi_base","enclosedBy":{"name":"BMFLog","type":"class"}},{"name":"noSuchMethod","qualifiedName":"flutter_baidu_mapapi_base.BMFLog.noSuchMethod","href":"flutter_baidu_mapapi_base/BMFLog/noSuchMethod.html","type":"method","overriddenDepth":0,"packageName":"flutter_baidu_mapapi_base","enclosedBy":{"name":"BMFLog","type":"class"}},{"name":"runtimeType","qualifiedName":"flutter_baidu_mapapi_base.BMFLog.runtimeType","href":"flutter_baidu_mapapi_base/BMFLog/runtimeType.html","type":"property","overriddenDepth":0,"packageName":"flutter_baidu_mapapi_base","enclosedBy":{"name":"BMFLog","type":"class"}},{"name":"toString","qualifiedName":"flutter_baidu_mapapi_base.BMFLog.toString","href":"flutter_baidu_mapapi_base/BMFLog/toString.html","type":"method","overriddenDepth":0,"packageName":"flutter_baidu_mapapi_base","enclosedBy":{"name":"BMFLog","type":"class"}},{"name":"v","qualifiedName":"flutter_baidu_mapapi_base.BMFLog.v","href":"flutter_baidu_mapapi_base/BMFLog/v.html","type":"method","overriddenDepth":0,"packageName":"flutter_baidu_mapapi_base","enclosedBy":{"name":"BMFLog","type":"class"}},{"name":"BMFLogoPosition","qualifiedName":"flutter_baidu_mapapi_base.BMFLogoPosition","href":"flutter_baidu_mapapi_base/BMFLogoPosition-class.html","type":"enum","overriddenDepth":0,"packageName":"flutter_baidu_mapapi_base","enclosedBy":{"name":"flutter_baidu_mapapi_base","type":"library"}},{"name":"operator ==","qualifiedName":"flutter_baidu_mapapi_base.BMFLogoPosition.==","href":"flutter_baidu_mapapi_base/BMFLogoPosition/operator_equals.html","type":"method","overriddenDepth":0,"packageName":"flutter_baidu_mapapi_base","enclosedBy":{"name":"BMFLogoPosition","type":"enum"}},{"name":"hashCode","qualifiedName":"flutter_baidu_mapapi_base.BMFLogoPosition.hashCode","href":"flutter_baidu_mapapi_base/BMFLogoPosition/hashCode.html","type":"property","overriddenDepth":0,"packageName":"flutter_baidu_mapapi_base","enclosedBy":{"name":"BMFLogoPosition","type":"enum"}},{"name":"noSuchMethod","qualifiedName":"flutter_baidu_mapapi_base.BMFLogoPosition.noSuchMethod","href":"flutter_baidu_mapapi_base/BMFLogoPosition/noSuchMethod.html","type":"method","overriddenDepth":0,"packageName":"flutter_baidu_mapapi_base","enclosedBy":{"name":"BMFLogoPosition","type":"enum"}},{"name":"runtimeType","qualifiedName":"flutter_baidu_mapapi_base.BMFLogoPosition.runtimeType","href":"flutter_baidu_mapapi_base/BMFLogoPosition/runtimeType.html","type":"property","overriddenDepth":0,"packageName":"flutter_baidu_mapapi_base","enclosedBy":{"name":"BMFLogoPosition","type":"enum"}},{"name":"toString","qualifiedName":"flutter_baidu_mapapi_base.BMFLogoPosition.toString","href":"flutter_baidu_mapapi_base/BMFLogoPosition/toString.html","type":"method","overriddenDepth":1,"packageName":"flutter_baidu_mapapi_base","enclosedBy":{"name":"BMFLogoPosition","type":"enum"}},{"name":"BMFMapAPI_Base","qualifiedName":"flutter_baidu_mapapi_base.BMFMapAPI_Base","href":"flutter_baidu_mapapi_base/BMFMapAPI_Base-class.html","type":"class","overriddenDepth":0,"packageName":"flutter_baidu_mapapi_base","enclosedBy":{"name":"flutter_baidu_mapapi_base","type":"library"}},{"name":"operator ==","qualifiedName":"flutter_baidu_mapapi_base.BMFMapAPI_Base.==","href":"flutter_baidu_mapapi_base/BMFMapAPI_Base/operator_equals.html","type":"method","overriddenDepth":0,"packageName":"flutter_baidu_mapapi_base","enclosedBy":{"name":"BMFMapAPI_Base","type":"class"}},{"name":"BMFMapAPI_Base","qualifiedName":"flutter_baidu_mapapi_base.BMFMapAPI_Base.BMFMapAPI_Base","href":"flutter_baidu_mapapi_base/BMFMapAPI_Base/BMFMapAPI_Base.html","type":"constructor","overriddenDepth":0,"packageName":"flutter_baidu_mapapi_base","enclosedBy":{"name":"BMFMapAPI_Base","type":"class"}},{"name":"hashCode","qualifiedName":"flutter_baidu_mapapi_base.BMFMapAPI_Base.hashCode","href":"flutter_baidu_mapapi_base/BMFMapAPI_Base/hashCode.html","type":"property","overriddenDepth":0,"packageName":"flutter_baidu_mapapi_base","enclosedBy":{"name":"BMFMapAPI_Base","type":"class"}},{"name":"nativeBaseVersion","qualifiedName":"flutter_baidu_mapapi_base.BMFMapAPI_Base.nativeBaseVersion","href":"flutter_baidu_mapapi_base/BMFMapAPI_Base/nativeBaseVersion.html","type":"property","overriddenDepth":0,"packageName":"flutter_baidu_mapapi_base","enclosedBy":{"name":"BMFMapAPI_Base","type":"class"}},{"name":"noSuchMethod","qualifiedName":"flutter_baidu_mapapi_base.BMFMapAPI_Base.noSuchMethod","href":"flutter_baidu_mapapi_base/BMFMapAPI_Base/noSuchMethod.html","type":"method","overriddenDepth":0,"packageName":"flutter_baidu_mapapi_base","enclosedBy":{"name":"BMFMapAPI_Base","type":"class"}},{"name":"runtimeType","qualifiedName":"flutter_baidu_mapapi_base.BMFMapAPI_Base.runtimeType","href":"flutter_baidu_mapapi_base/BMFMapAPI_Base/runtimeType.html","type":"property","overriddenDepth":0,"packageName":"flutter_baidu_mapapi_base","enclosedBy":{"name":"BMFMapAPI_Base","type":"class"}},{"name":"toString","qualifiedName":"flutter_baidu_mapapi_base.BMFMapAPI_Base.toString","href":"flutter_baidu_mapapi_base/BMFMapAPI_Base/toString.html","type":"method","overriddenDepth":0,"packageName":"flutter_baidu_mapapi_base","enclosedBy":{"name":"BMFMapAPI_Base","type":"class"}},{"name":"BMFMapRect","qualifiedName":"flutter_baidu_mapapi_base.BMFMapRect","href":"flutter_baidu_mapapi_base/BMFMapRect-class.html","type":"class","overriddenDepth":0,"packageName":"flutter_baidu_mapapi_base","enclosedBy":{"name":"flutter_baidu_mapapi_base","type":"library"}},{"name":"BMFMapRect","qualifiedName":"flutter_baidu_mapapi_base.BMFMapRect.BMFMapRect","href":"flutter_baidu_mapapi_base/BMFMapRect/BMFMapRect.html","type":"constructor","overriddenDepth":0,"packageName":"flutter_baidu_mapapi_base","enclosedBy":{"name":"BMFMapRect","type":"class"}},{"name":"BMFMapRect.fromMap","qualifiedName":"flutter_baidu_mapapi_base.BMFMapRect.fromMap","href":"flutter_baidu_mapapi_base/BMFMapRect/BMFMapRect.fromMap.html","type":"constructor","overriddenDepth":0,"packageName":"flutter_baidu_mapapi_base","enclosedBy":{"name":"BMFMapRect","type":"class"}},{"name":"fromMap","qualifiedName":"flutter_baidu_mapapi_base.BMFMapRect.fromMap","href":"flutter_baidu_mapapi_base/BMFMapRect/fromMap.html","type":"method","overriddenDepth":1,"packageName":"flutter_baidu_mapapi_base","enclosedBy":{"name":"BMFMapRect","type":"class"}},{"name":"origin","qualifiedName":"flutter_baidu_mapapi_base.BMFMapRect.origin","href":"flutter_baidu_mapapi_base/BMFMapRect/origin.html","type":"property","overriddenDepth":0,"packageName":"flutter_baidu_mapapi_base","enclosedBy":{"name":"BMFMapRect","type":"class"}},{"name":"size","qualifiedName":"flutter_baidu_mapapi_base.BMFMapRect.size","href":"flutter_baidu_mapapi_base/BMFMapRect/size.html","type":"property","overriddenDepth":0,"packageName":"flutter_baidu_mapapi_base","enclosedBy":{"name":"BMFMapRect","type":"class"}},{"name":"toMap","qualifiedName":"flutter_baidu_mapapi_base.BMFMapRect.toMap","href":"flutter_baidu_mapapi_base/BMFMapRect/toMap.html","type":"method","overriddenDepth":1,"packageName":"flutter_baidu_mapapi_base","enclosedBy":{"name":"BMFMapRect","type":"class"}},{"name":"BMFMapSDK","qualifiedName":"flutter_baidu_mapapi_base.BMFMapSDK","href":"flutter_baidu_mapapi_base/BMFMapSDK-class.html","type":"class","overriddenDepth":0,"packageName":"flutter_baidu_mapapi_base","enclosedBy":{"name":"flutter_baidu_mapapi_base","type":"library"}},{"name":"operator ==","qualifiedName":"flutter_baidu_mapapi_base.BMFMapSDK.==","href":"flutter_baidu_mapapi_base/BMFMapSDK/operator_equals.html","type":"method","overriddenDepth":0,"packageName":"flutter_baidu_mapapi_base","enclosedBy":{"name":"BMFMapSDK","type":"class"}},{"name":"BMFMapSDK","qualifiedName":"flutter_baidu_mapapi_base.BMFMapSDK.BMFMapSDK","href":"flutter_baidu_mapapi_base/BMFMapSDK/BMFMapSDK.html","type":"constructor","overriddenDepth":0,"packageName":"flutter_baidu_mapapi_base","enclosedBy":{"name":"BMFMapSDK","type":"class"}},{"name":"hashCode","qualifiedName":"flutter_baidu_mapapi_base.BMFMapSDK.hashCode","href":"flutter_baidu_mapapi_base/BMFMapSDK/hashCode.html","type":"property","overriddenDepth":0,"packageName":"flutter_baidu_mapapi_base","enclosedBy":{"name":"BMFMapSDK","type":"class"}},{"name":"noSuchMethod","qualifiedName":"flutter_baidu_mapapi_base.BMFMapSDK.noSuchMethod","href":"flutter_baidu_mapapi_base/BMFMapSDK/noSuchMethod.html","type":"method","overriddenDepth":0,"packageName":"flutter_baidu_mapapi_base","enclosedBy":{"name":"BMFMapSDK","type":"class"}},{"name":"runtimeType","qualifiedName":"flutter_baidu_mapapi_base.BMFMapSDK.runtimeType","href":"flutter_baidu_mapapi_base/BMFMapSDK/runtimeType.html","type":"property","overriddenDepth":0,"packageName":"flutter_baidu_mapapi_base","enclosedBy":{"name":"BMFMapSDK","type":"class"}},{"name":"setApiKeyAndCoordType","qualifiedName":"flutter_baidu_mapapi_base.BMFMapSDK.setApiKeyAndCoordType","href":"flutter_baidu_mapapi_base/BMFMapSDK/setApiKeyAndCoordType.html","type":"method","overriddenDepth":0,"packageName":"flutter_baidu_mapapi_base","enclosedBy":{"name":"BMFMapSDK","type":"class"}},{"name":"setCoordType","qualifiedName":"flutter_baidu_mapapi_base.BMFMapSDK.setCoordType","href":"flutter_baidu_mapapi_base/BMFMapSDK/setCoordType.html","type":"method","overriddenDepth":0,"packageName":"flutter_baidu_mapapi_base","enclosedBy":{"name":"BMFMapSDK","type":"class"}},{"name":"toString","qualifiedName":"flutter_baidu_mapapi_base.BMFMapSDK.toString","href":"flutter_baidu_mapapi_base/BMFMapSDK/toString.html","type":"method","overriddenDepth":0,"packageName":"flutter_baidu_mapapi_base","enclosedBy":{"name":"BMFMapSDK","type":"class"}},{"name":"BMFMapType","qualifiedName":"flutter_baidu_mapapi_base.BMFMapType","href":"flutter_baidu_mapapi_base/BMFMapType-class.html","type":"enum","overriddenDepth":0,"packageName":"flutter_baidu_mapapi_base","enclosedBy":{"name":"flutter_baidu_mapapi_base","type":"library"}},{"name":"operator ==","qualifiedName":"flutter_baidu_mapapi_base.BMFMapType.==","href":"flutter_baidu_mapapi_base/BMFMapType/operator_equals.html","type":"method","overriddenDepth":0,"packageName":"flutter_baidu_mapapi_base","enclosedBy":{"name":"BMFMapType","type":"enum"}},{"name":"hashCode","qualifiedName":"flutter_baidu_mapapi_base.BMFMapType.hashCode","href":"flutter_baidu_mapapi_base/BMFMapType/hashCode.html","type":"property","overriddenDepth":0,"packageName":"flutter_baidu_mapapi_base","enclosedBy":{"name":"BMFMapType","type":"enum"}},{"name":"noSuchMethod","qualifiedName":"flutter_baidu_mapapi_base.BMFMapType.noSuchMethod","href":"flutter_baidu_mapapi_base/BMFMapType/noSuchMethod.html","type":"method","overriddenDepth":0,"packageName":"flutter_baidu_mapapi_base","enclosedBy":{"name":"BMFMapType","type":"enum"}},{"name":"runtimeType","qualifiedName":"flutter_baidu_mapapi_base.BMFMapType.runtimeType","href":"flutter_baidu_mapapi_base/BMFMapType/runtimeType.html","type":"property","overriddenDepth":0,"packageName":"flutter_baidu_mapapi_base","enclosedBy":{"name":"BMFMapType","type":"enum"}},{"name":"toString","qualifiedName":"flutter_baidu_mapapi_base.BMFMapType.toString","href":"flutter_baidu_mapapi_base/BMFMapType/toString.html","type":"method","overriddenDepth":1,"packageName":"flutter_baidu_mapapi_base","enclosedBy":{"name":"BMFMapType","type":"enum"}},{"name":"BMFModel","qualifiedName":"flutter_baidu_mapapi_base.BMFModel","href":"flutter_baidu_mapapi_base/BMFModel-class.html","type":"class","overriddenDepth":0,"packageName":"flutter_baidu_mapapi_base","enclosedBy":{"name":"flutter_baidu_mapapi_base","type":"library"}},{"name":"operator ==","qualifiedName":"flutter_baidu_mapapi_base.BMFModel.==","href":"flutter_baidu_mapapi_base/BMFModel/operator_equals.html","type":"method","overriddenDepth":0,"packageName":"flutter_baidu_mapapi_base","enclosedBy":{"name":"BMFModel","type":"class"}},{"name":"BMFModel","qualifiedName":"flutter_baidu_mapapi_base.BMFModel.BMFModel","href":"flutter_baidu_mapapi_base/BMFModel/BMFModel.html","type":"constructor","overriddenDepth":0,"packageName":"flutter_baidu_mapapi_base","enclosedBy":{"name":"BMFModel","type":"class"}},{"name":"fromMap","qualifiedName":"flutter_baidu_mapapi_base.BMFModel.fromMap","href":"flutter_baidu_mapapi_base/BMFModel/fromMap.html","type":"method","overriddenDepth":0,"packageName":"flutter_baidu_mapapi_base","enclosedBy":{"name":"BMFModel","type":"class"}},{"name":"hashCode","qualifiedName":"flutter_baidu_mapapi_base.BMFModel.hashCode","href":"flutter_baidu_mapapi_base/BMFModel/hashCode.html","type":"property","overriddenDepth":0,"packageName":"flutter_baidu_mapapi_base","enclosedBy":{"name":"BMFModel","type":"class"}},{"name":"noSuchMethod","qualifiedName":"flutter_baidu_mapapi_base.BMFModel.noSuchMethod","href":"flutter_baidu_mapapi_base/BMFModel/noSuchMethod.html","type":"method","overriddenDepth":0,"packageName":"flutter_baidu_mapapi_base","enclosedBy":{"name":"BMFModel","type":"class"}},{"name":"runtimeType","qualifiedName":"flutter_baidu_mapapi_base.BMFModel.runtimeType","href":"flutter_baidu_mapapi_base/BMFModel/runtimeType.html","type":"property","overriddenDepth":0,"packageName":"flutter_baidu_mapapi_base","enclosedBy":{"name":"BMFModel","type":"class"}},{"name":"toMap","qualifiedName":"flutter_baidu_mapapi_base.BMFModel.toMap","href":"flutter_baidu_mapapi_base/BMFModel/toMap.html","type":"method","overriddenDepth":0,"packageName":"flutter_baidu_mapapi_base","enclosedBy":{"name":"BMFModel","type":"class"}},{"name":"toString","qualifiedName":"flutter_baidu_mapapi_base.BMFModel.toString","href":"flutter_baidu_mapapi_base/BMFModel/toString.html","type":"method","overriddenDepth":0,"packageName":"flutter_baidu_mapapi_base","enclosedBy":{"name":"BMFModel","type":"class"}},{"name":"BMFNativeViewType","qualifiedName":"flutter_baidu_mapapi_base.BMFNativeViewType","href":"flutter_baidu_mapapi_base/BMFNativeViewType-class.html","type":"class","overriddenDepth":0,"packageName":"flutter_baidu_mapapi_base","enclosedBy":{"name":"flutter_baidu_mapapi_base","type":"library"}},{"name":"operator ==","qualifiedName":"flutter_baidu_mapapi_base.BMFNativeViewType.==","href":"flutter_baidu_mapapi_base/BMFNativeViewType/operator_equals.html","type":"method","overriddenDepth":0,"packageName":"flutter_baidu_mapapi_base","enclosedBy":{"name":"BMFNativeViewType","type":"class"}},{"name":"BMFNativeViewType","qualifiedName":"flutter_baidu_mapapi_base.BMFNativeViewType.BMFNativeViewType","href":"flutter_baidu_mapapi_base/BMFNativeViewType/BMFNativeViewType.html","type":"constructor","overriddenDepth":0,"packageName":"flutter_baidu_mapapi_base","enclosedBy":{"name":"BMFNativeViewType","type":"class"}},{"name":"hashCode","qualifiedName":"flutter_baidu_mapapi_base.BMFNativeViewType.hashCode","href":"flutter_baidu_mapapi_base/BMFNativeViewType/hashCode.html","type":"property","overriddenDepth":0,"packageName":"flutter_baidu_mapapi_base","enclosedBy":{"name":"BMFNativeViewType","type":"class"}},{"name":"noSuchMethod","qualifiedName":"flutter_baidu_mapapi_base.BMFNativeViewType.noSuchMethod","href":"flutter_baidu_mapapi_base/BMFNativeViewType/noSuchMethod.html","type":"method","overriddenDepth":0,"packageName":"flutter_baidu_mapapi_base","enclosedBy":{"name":"BMFNativeViewType","type":"class"}},{"name":"runtimeType","qualifiedName":"flutter_baidu_mapapi_base.BMFNativeViewType.runtimeType","href":"flutter_baidu_mapapi_base/BMFNativeViewType/runtimeType.html","type":"property","overriddenDepth":0,"packageName":"flutter_baidu_mapapi_base","enclosedBy":{"name":"BMFNativeViewType","type":"class"}},{"name":"sMapView","qualifiedName":"flutter_baidu_mapapi_base.BMFNativeViewType.sMapView","href":"flutter_baidu_mapapi_base/BMFNativeViewType/sMapView-constant.html","type":"constant","overriddenDepth":0,"packageName":"flutter_baidu_mapapi_base","enclosedBy":{"name":"BMFNativeViewType","type":"class"}},{"name":"sTextureMapView","qualifiedName":"flutter_baidu_mapapi_base.BMFNativeViewType.sTextureMapView","href":"flutter_baidu_mapapi_base/BMFNativeViewType/sTextureMapView-constant.html","type":"constant","overriddenDepth":0,"packageName":"flutter_baidu_mapapi_base","enclosedBy":{"name":"BMFNativeViewType","type":"class"}},{"name":"toString","qualifiedName":"flutter_baidu_mapapi_base.BMFNativeViewType.toString","href":"flutter_baidu_mapapi_base/BMFNativeViewType/toString.html","type":"method","overriddenDepth":0,"packageName":"flutter_baidu_mapapi_base","enclosedBy":{"name":"BMFNativeViewType","type":"class"}},{"name":"BMFPoint","qualifiedName":"flutter_baidu_mapapi_base.BMFPoint","href":"flutter_baidu_mapapi_base/BMFPoint-class.html","type":"class","overriddenDepth":0,"packageName":"flutter_baidu_mapapi_base","enclosedBy":{"name":"flutter_baidu_mapapi_base","type":"library"}},{"name":"BMFPoint","qualifiedName":"flutter_baidu_mapapi_base.BMFPoint.BMFPoint","href":"flutter_baidu_mapapi_base/BMFPoint/BMFPoint.html","type":"constructor","overriddenDepth":0,"packageName":"flutter_baidu_mapapi_base","enclosedBy":{"name":"BMFPoint","type":"class"}},{"name":"BMFPoint.fromMap","qualifiedName":"flutter_baidu_mapapi_base.BMFPoint.fromMap","href":"flutter_baidu_mapapi_base/BMFPoint/BMFPoint.fromMap.html","type":"constructor","overriddenDepth":0,"packageName":"flutter_baidu_mapapi_base","enclosedBy":{"name":"BMFPoint","type":"class"}},{"name":"fromMap","qualifiedName":"flutter_baidu_mapapi_base.BMFPoint.fromMap","href":"flutter_baidu_mapapi_base/BMFPoint/fromMap.html","type":"method","overriddenDepth":1,"packageName":"flutter_baidu_mapapi_base","enclosedBy":{"name":"BMFPoint","type":"class"}},{"name":"toMap","qualifiedName":"flutter_baidu_mapapi_base.BMFPoint.toMap","href":"flutter_baidu_mapapi_base/BMFPoint/toMap.html","type":"method","overriddenDepth":1,"packageName":"flutter_baidu_mapapi_base","enclosedBy":{"name":"BMFPoint","type":"class"}},{"name":"x","qualifiedName":"flutter_baidu_mapapi_base.BMFPoint.x","href":"flutter_baidu_mapapi_base/BMFPoint/x.html","type":"property","overriddenDepth":0,"packageName":"flutter_baidu_mapapi_base","enclosedBy":{"name":"BMFPoint","type":"class"}},{"name":"y","qualifiedName":"flutter_baidu_mapapi_base.BMFPoint.y","href":"flutter_baidu_mapapi_base/BMFPoint/y.html","type":"property","overriddenDepth":0,"packageName":"flutter_baidu_mapapi_base","enclosedBy":{"name":"BMFPoint","type":"class"}},{"name":"BMFRegionChangeReason","qualifiedName":"flutter_baidu_mapapi_base.BMFRegionChangeReason","href":"flutter_baidu_mapapi_base/BMFRegionChangeReason-class.html","type":"enum","overriddenDepth":0,"packageName":"flutter_baidu_mapapi_base","enclosedBy":{"name":"flutter_baidu_mapapi_base","type":"library"}},{"name":"operator ==","qualifiedName":"flutter_baidu_mapapi_base.BMFRegionChangeReason.==","href":"flutter_baidu_mapapi_base/BMFRegionChangeReason/operator_equals.html","type":"method","overriddenDepth":0,"packageName":"flutter_baidu_mapapi_base","enclosedBy":{"name":"BMFRegionChangeReason","type":"enum"}},{"name":"hashCode","qualifiedName":"flutter_baidu_mapapi_base.BMFRegionChangeReason.hashCode","href":"flutter_baidu_mapapi_base/BMFRegionChangeReason/hashCode.html","type":"property","overriddenDepth":0,"packageName":"flutter_baidu_mapapi_base","enclosedBy":{"name":"BMFRegionChangeReason","type":"enum"}},{"name":"noSuchMethod","qualifiedName":"flutter_baidu_mapapi_base.BMFRegionChangeReason.noSuchMethod","href":"flutter_baidu_mapapi_base/BMFRegionChangeReason/noSuchMethod.html","type":"method","overriddenDepth":0,"packageName":"flutter_baidu_mapapi_base","enclosedBy":{"name":"BMFRegionChangeReason","type":"enum"}},{"name":"runtimeType","qualifiedName":"flutter_baidu_mapapi_base.BMFRegionChangeReason.runtimeType","href":"flutter_baidu_mapapi_base/BMFRegionChangeReason/runtimeType.html","type":"property","overriddenDepth":0,"packageName":"flutter_baidu_mapapi_base","enclosedBy":{"name":"BMFRegionChangeReason","type":"enum"}},{"name":"toString","qualifiedName":"flutter_baidu_mapapi_base.BMFRegionChangeReason.toString","href":"flutter_baidu_mapapi_base/BMFRegionChangeReason/toString.html","type":"method","overriddenDepth":1,"packageName":"flutter_baidu_mapapi_base","enclosedBy":{"name":"BMFRegionChangeReason","type":"enum"}},{"name":"BMFSize","qualifiedName":"flutter_baidu_mapapi_base.BMFSize","href":"flutter_baidu_mapapi_base/BMFSize-class.html","type":"class","overriddenDepth":0,"packageName":"flutter_baidu_mapapi_base","enclosedBy":{"name":"flutter_baidu_mapapi_base","type":"library"}},{"name":"BMFSize","qualifiedName":"flutter_baidu_mapapi_base.BMFSize.BMFSize","href":"flutter_baidu_mapapi_base/BMFSize/BMFSize.html","type":"constructor","overriddenDepth":0,"packageName":"flutter_baidu_mapapi_base","enclosedBy":{"name":"BMFSize","type":"class"}},{"name":"BMFSize.fromMap","qualifiedName":"flutter_baidu_mapapi_base.BMFSize.fromMap","href":"flutter_baidu_mapapi_base/BMFSize/BMFSize.fromMap.html","type":"constructor","overriddenDepth":0,"packageName":"flutter_baidu_mapapi_base","enclosedBy":{"name":"BMFSize","type":"class"}},{"name":"fromMap","qualifiedName":"flutter_baidu_mapapi_base.BMFSize.fromMap","href":"flutter_baidu_mapapi_base/BMFSize/fromMap.html","type":"method","overriddenDepth":1,"packageName":"flutter_baidu_mapapi_base","enclosedBy":{"name":"BMFSize","type":"class"}},{"name":"height","qualifiedName":"flutter_baidu_mapapi_base.BMFSize.height","href":"flutter_baidu_mapapi_base/BMFSize/height.html","type":"property","overriddenDepth":0,"packageName":"flutter_baidu_mapapi_base","enclosedBy":{"name":"BMFSize","type":"class"}},{"name":"toMap","qualifiedName":"flutter_baidu_mapapi_base.BMFSize.toMap","href":"flutter_baidu_mapapi_base/BMFSize/toMap.html","type":"method","overriddenDepth":1,"packageName":"flutter_baidu_mapapi_base","enclosedBy":{"name":"BMFSize","type":"class"}},{"name":"width","qualifiedName":"flutter_baidu_mapapi_base.BMFSize.width","href":"flutter_baidu_mapapi_base/BMFSize/width.html","type":"property","overriddenDepth":0,"packageName":"flutter_baidu_mapapi_base","enclosedBy":{"name":"BMFSize","type":"class"}},{"name":"BMFSwitchIndoorFloorError","qualifiedName":"flutter_baidu_mapapi_base.BMFSwitchIndoorFloorError","href":"flutter_baidu_mapapi_base/BMFSwitchIndoorFloorError-class.html","type":"enum","overriddenDepth":0,"packageName":"flutter_baidu_mapapi_base","enclosedBy":{"name":"flutter_baidu_mapapi_base","type":"library"}},{"name":"operator ==","qualifiedName":"flutter_baidu_mapapi_base.BMFSwitchIndoorFloorError.==","href":"flutter_baidu_mapapi_base/BMFSwitchIndoorFloorError/operator_equals.html","type":"method","overriddenDepth":0,"packageName":"flutter_baidu_mapapi_base","enclosedBy":{"name":"BMFSwitchIndoorFloorError","type":"enum"}},{"name":"hashCode","qualifiedName":"flutter_baidu_mapapi_base.BMFSwitchIndoorFloorError.hashCode","href":"flutter_baidu_mapapi_base/BMFSwitchIndoorFloorError/hashCode.html","type":"property","overriddenDepth":0,"packageName":"flutter_baidu_mapapi_base","enclosedBy":{"name":"BMFSwitchIndoorFloorError","type":"enum"}},{"name":"noSuchMethod","qualifiedName":"flutter_baidu_mapapi_base.BMFSwitchIndoorFloorError.noSuchMethod","href":"flutter_baidu_mapapi_base/BMFSwitchIndoorFloorError/noSuchMethod.html","type":"method","overriddenDepth":0,"packageName":"flutter_baidu_mapapi_base","enclosedBy":{"name":"BMFSwitchIndoorFloorError","type":"enum"}},{"name":"runtimeType","qualifiedName":"flutter_baidu_mapapi_base.BMFSwitchIndoorFloorError.runtimeType","href":"flutter_baidu_mapapi_base/BMFSwitchIndoorFloorError/runtimeType.html","type":"property","overriddenDepth":0,"packageName":"flutter_baidu_mapapi_base","enclosedBy":{"name":"BMFSwitchIndoorFloorError","type":"enum"}},{"name":"toString","qualifiedName":"flutter_baidu_mapapi_base.BMFSwitchIndoorFloorError.toString","href":"flutter_baidu_mapapi_base/BMFSwitchIndoorFloorError/toString.html","type":"method","overriddenDepth":1,"packageName":"flutter_baidu_mapapi_base","enclosedBy":{"name":"BMFSwitchIndoorFloorError","type":"enum"}},{"name":"BMFUserTrackingMode","qualifiedName":"flutter_baidu_mapapi_base.BMFUserTrackingMode","href":"flutter_baidu_mapapi_base/BMFUserTrackingMode-class.html","type":"enum","overriddenDepth":0,"packageName":"flutter_baidu_mapapi_base","enclosedBy":{"name":"flutter_baidu_mapapi_base","type":"library"}},{"name":"operator ==","qualifiedName":"flutter_baidu_mapapi_base.BMFUserTrackingMode.==","href":"flutter_baidu_mapapi_base/BMFUserTrackingMode/operator_equals.html","type":"method","overriddenDepth":0,"packageName":"flutter_baidu_mapapi_base","enclosedBy":{"name":"BMFUserTrackingMode","type":"enum"}},{"name":"hashCode","qualifiedName":"flutter_baidu_mapapi_base.BMFUserTrackingMode.hashCode","href":"flutter_baidu_mapapi_base/BMFUserTrackingMode/hashCode.html","type":"property","overriddenDepth":0,"packageName":"flutter_baidu_mapapi_base","enclosedBy":{"name":"BMFUserTrackingMode","type":"enum"}},{"name":"noSuchMethod","qualifiedName":"flutter_baidu_mapapi_base.BMFUserTrackingMode.noSuchMethod","href":"flutter_baidu_mapapi_base/BMFUserTrackingMode/noSuchMethod.html","type":"method","overriddenDepth":0,"packageName":"flutter_baidu_mapapi_base","enclosedBy":{"name":"BMFUserTrackingMode","type":"enum"}},{"name":"runtimeType","qualifiedName":"flutter_baidu_mapapi_base.BMFUserTrackingMode.runtimeType","href":"flutter_baidu_mapapi_base/BMFUserTrackingMode/runtimeType.html","type":"property","overriddenDepth":0,"packageName":"flutter_baidu_mapapi_base","enclosedBy":{"name":"BMFUserTrackingMode","type":"enum"}},{"name":"toString","qualifiedName":"flutter_baidu_mapapi_base.BMFUserTrackingMode.toString","href":"flutter_baidu_mapapi_base/BMFUserTrackingMode/toString.html","type":"method","overriddenDepth":1,"packageName":"flutter_baidu_mapapi_base","enclosedBy":{"name":"BMFUserTrackingMode","type":"enum"}},{"name":"BMF_COORD_TYPE","qualifiedName":"flutter_baidu_mapapi_base.BMF_COORD_TYPE","href":"flutter_baidu_mapapi_base/BMF_COORD_TYPE-class.html","type":"enum","overriddenDepth":0,"packageName":"flutter_baidu_mapapi_base","enclosedBy":{"name":"flutter_baidu_mapapi_base","type":"library"}},{"name":"operator ==","qualifiedName":"flutter_baidu_mapapi_base.BMF_COORD_TYPE.==","href":"flutter_baidu_mapapi_base/BMF_COORD_TYPE/operator_equals.html","type":"method","overriddenDepth":0,"packageName":"flutter_baidu_mapapi_base","enclosedBy":{"name":"BMF_COORD_TYPE","type":"enum"}},{"name":"hashCode","qualifiedName":"flutter_baidu_mapapi_base.BMF_COORD_TYPE.hashCode","href":"flutter_baidu_mapapi_base/BMF_COORD_TYPE/hashCode.html","type":"property","overriddenDepth":0,"packageName":"flutter_baidu_mapapi_base","enclosedBy":{"name":"BMF_COORD_TYPE","type":"enum"}},{"name":"noSuchMethod","qualifiedName":"flutter_baidu_mapapi_base.BMF_COORD_TYPE.noSuchMethod","href":"flutter_baidu_mapapi_base/BMF_COORD_TYPE/noSuchMethod.html","type":"method","overriddenDepth":0,"packageName":"flutter_baidu_mapapi_base","enclosedBy":{"name":"BMF_COORD_TYPE","type":"enum"}},{"name":"runtimeType","qualifiedName":"flutter_baidu_mapapi_base.BMF_COORD_TYPE.runtimeType","href":"flutter_baidu_mapapi_base/BMF_COORD_TYPE/runtimeType.html","type":"property","overriddenDepth":0,"packageName":"flutter_baidu_mapapi_base","enclosedBy":{"name":"BMF_COORD_TYPE","type":"enum"}},{"name":"toString","qualifiedName":"flutter_baidu_mapapi_base.BMF_COORD_TYPE.toString","href":"flutter_baidu_mapapi_base/BMF_COORD_TYPE/toString.html","type":"method","overriddenDepth":1,"packageName":"flutter_baidu_mapapi_base","enclosedBy":{"name":"BMF_COORD_TYPE","type":"enum"}},{"name":"ColorUtil","qualifiedName":"flutter_baidu_mapapi_base.ColorUtil","href":"flutter_baidu_mapapi_base/ColorUtil-class.html","type":"class","overriddenDepth":0,"packageName":"flutter_baidu_mapapi_base","enclosedBy":{"name":"flutter_baidu_mapapi_base","type":"library"}},{"name":"operator ==","qualifiedName":"flutter_baidu_mapapi_base.ColorUtil.==","href":"flutter_baidu_mapapi_base/ColorUtil/operator_equals.html","type":"method","overriddenDepth":0,"packageName":"flutter_baidu_mapapi_base","enclosedBy":{"name":"ColorUtil","type":"class"}},{"name":"ColorUtil","qualifiedName":"flutter_baidu_mapapi_base.ColorUtil.ColorUtil","href":"flutter_baidu_mapapi_base/ColorUtil/ColorUtil.html","type":"constructor","overriddenDepth":0,"packageName":"flutter_baidu_mapapi_base","enclosedBy":{"name":"ColorUtil","type":"class"}},{"name":"hashCode","qualifiedName":"flutter_baidu_mapapi_base.ColorUtil.hashCode","href":"flutter_baidu_mapapi_base/ColorUtil/hashCode.html","type":"property","overriddenDepth":0,"packageName":"flutter_baidu_mapapi_base","enclosedBy":{"name":"ColorUtil","type":"class"}},{"name":"hexToColor","qualifiedName":"flutter_baidu_mapapi_base.ColorUtil.hexToColor","href":"flutter_baidu_mapapi_base/ColorUtil/hexToColor.html","type":"method","overriddenDepth":0,"packageName":"flutter_baidu_mapapi_base","enclosedBy":{"name":"ColorUtil","type":"class"}},{"name":"noSuchMethod","qualifiedName":"flutter_baidu_mapapi_base.ColorUtil.noSuchMethod","href":"flutter_baidu_mapapi_base/ColorUtil/noSuchMethod.html","type":"method","overriddenDepth":0,"packageName":"flutter_baidu_mapapi_base","enclosedBy":{"name":"ColorUtil","type":"class"}},{"name":"runtimeType","qualifiedName":"flutter_baidu_mapapi_base.ColorUtil.runtimeType","href":"flutter_baidu_mapapi_base/ColorUtil/runtimeType.html","type":"property","overriddenDepth":0,"packageName":"flutter_baidu_mapapi_base","enclosedBy":{"name":"ColorUtil","type":"class"}},{"name":"toString","qualifiedName":"flutter_baidu_mapapi_base.ColorUtil.toString","href":"flutter_baidu_mapapi_base/ColorUtil/toString.html","type":"method","overriddenDepth":0,"packageName":"flutter_baidu_mapapi_base","enclosedBy":{"name":"ColorUtil","type":"class"}},{"name":"kSetAPIKey","qualifiedName":"flutter_baidu_mapapi_base.kSetAPIKey","href":"flutter_baidu_mapapi_base/kSetAPIKey-constant.html","type":"top-level constant","overriddenDepth":0,"packageName":"flutter_baidu_mapapi_base","enclosedBy":{"name":"flutter_baidu_mapapi_base","type":"library"}}]
